{"packages/cupertino_icons/assets/CupertinoIcons.ttf":["packages/cupertino_icons/assets/CupertinoIcons.ttf"],"packages/sail_ui/assets/pngs/meltcastdiagram.png":["packages/sail_ui/assets/pngs/meltcastdiagram.png"],"packages/sail_ui/assets/svgs/icon_arrow_down.svg":["packages/sail_ui/assets/svgs/icon_arrow_down.svg"],"packages/sail_ui/assets/svgs/icon_arrow_forward.svg":["packages/sail_ui/assets/svgs/icon_arrow_forward.svg"],"packages/sail_ui/assets/svgs/icon_calendar.svg":["packages/sail_ui/assets/svgs/icon_calendar.svg"],"packages/sail_ui/assets/svgs/icon_close.svg":["packages/sail_ui/assets/svgs/icon_close.svg"],"packages/sail_ui/assets/svgs/icon_copy.svg":["packages/sail_ui/assets/svgs/icon_copy.svg"],"packages/sail_ui/assets/svgs/icon_dark_mode.svg":["packages/sail_ui/assets/svgs/icon_dark_mode.svg"],"packages/sail_ui/assets/svgs/icon_dashboard_tab.svg":["packages/sail_ui/assets/svgs/icon_dashboard_tab.svg"],"packages/sail_ui/assets/svgs/icon_download.svg":["packages/sail_ui/assets/svgs/icon_download.svg"],"packages/sail_ui/assets/svgs/icon_expand.svg":["packages/sail_ui/assets/svgs/icon_expand.svg"],"packages/sail_ui/assets/svgs/icon_failed.svg":["packages/sail_ui/assets/svgs/icon_failed.svg"],"packages/sail_ui/assets/svgs/icon_globe.svg":["packages/sail_ui/assets/svgs/icon_globe.svg"],"packages/sail_ui/assets/svgs/icon_info.svg":["packages/sail_ui/assets/svgs/icon_info.svg"],"packages/sail_ui/assets/svgs/icon_light_dark_mode.svg":["packages/sail_ui/assets/svgs/icon_light_dark_mode.svg"],"packages/sail_ui/assets/svgs/icon_light_mode.svg":["packages/sail_ui/assets/svgs/icon_light_mode.svg"],"packages/sail_ui/assets/svgs/icon_mainchain.svg":["packages/sail_ui/assets/svgs/icon_mainchain.svg"],"packages/sail_ui/assets/svgs/icon_open_in_new.svg":["packages/sail_ui/assets/svgs/icon_open_in_new.svg"],"packages/sail_ui/assets/svgs/icon_pending.svg":["packages/sail_ui/assets/svgs/icon_pending.svg"],"packages/sail_ui/assets/svgs/icon_pending_half.svg":["packages/sail_ui/assets/svgs/icon_pending_half.svg"],"packages/sail_ui/assets/svgs/icon_question.svg":["packages/sail_ui/assets/svgs/icon_question.svg"],"packages/sail_ui/assets/svgs/icon_restart.svg":["packages/sail_ui/assets/svgs/icon_restart.svg"],"packages/sail_ui/assets/svgs/icon_search.svg":["packages/sail_ui/assets/svgs/icon_search.svg"],"packages/sail_ui/assets/svgs/icon_selected.svg":["packages/sail_ui/assets/svgs/icon_selected.svg"],"packages/sail_ui/assets/svgs/icon_shield.svg":["packages/sail_ui/assets/svgs/icon_shield.svg"],"packages/sail_ui/assets/svgs/icon_sidechain.svg":["packages/sail_ui/assets/svgs/icon_sidechain.svg"],"packages/sail_ui/assets/svgs/icon_success.svg":["packages/sail_ui/assets/svgs/icon_success.svg"],"packages/sail_ui/assets/svgs/icon_tab_bmm.svg":["packages/sail_ui/assets/svgs/icon_tab_bmm.svg"],"packages/sail_ui/assets/svgs/icon_tab_console.svg":["packages/sail_ui/assets/svgs/icon_tab_console.svg"],"packages/sail_ui/assets/svgs/icon_tab_deposit_withdraw.svg":["packages/sail_ui/assets/svgs/icon_tab_deposit_withdraw.svg"],"packages/sail_ui/assets/svgs/icon_tab_melt_cast.svg":["packages/sail_ui/assets/svgs/icon_tab_melt_cast.svg"],"packages/sail_ui/assets/svgs/icon_tab_operation_statuses.svg":["packages/sail_ui/assets/svgs/icon_tab_operation_statuses.svg"],"packages/sail_ui/assets/svgs/icon_tab_peg.svg":["packages/sail_ui/assets/svgs/icon_tab_peg.svg"],"packages/sail_ui/assets/svgs/icon_tab_send.svg":["packages/sail_ui/assets/svgs/icon_tab_send.svg"],"packages/sail_ui/assets/svgs/icon_tab_settings.svg":["packages/sail_ui/assets/svgs/icon_tab_settings.svg"],"packages/sail_ui/assets/svgs/icon_tab_shield_deshield.svg":["packages/sail_ui/assets/svgs/icon_tab_shield_deshield.svg"],"packages/sail_ui/assets/svgs/icon_tab_sidechain_send.svg":["packages/sail_ui/assets/svgs/icon_tab_sidechain_send.svg"],"packages/sail_ui/assets/svgs/icon_tab_withdrawal_explorer.svg":["packages/sail_ui/assets/svgs/icon_tab_withdrawal_explorer.svg"]}